{"InsertionSort": 184.80566666666664, "SelectionSort": 185.37966666666668, "ShellSort": 183.58033333333333, "MergeSort": 181.75566666666668, "QuickSort": 182.975, "HeapSort": 182.53966666666668, "CountSort": 183.95899999999997}