{"InsertionSort": 0.014333333333333332, "SelectionSort": 0.015666666666666666, "ShellSort": 0.015333333333333332, "MergeSort": 0.014333333333333332, "QuickSort": 0.015666666666666666, "HeapSort": 0.015, "CountSort": 0.014333333333333332}