{"InsertionSort": 1.5143333333333333, "SelectionSort": 1.498, "ShellSort": 1.4989999999999999, "MergeSort": 1.5013333333333332, "QuickSort": 1.4966666666666668, "HeapSort": 1.5003333333333335, "CountSort": 1.507}