{"InsertionSort": 0.0033333333333333335, "SelectionSort": 0.007, "ShellSort": 0.0030000000000000005, "MergeSort": 0.005333333333333333, "QuickSort": 0.005333333333333333, "HeapSort": 0.0033333333333333335, "CountSort": 0.0036666666666666666}